{
    "name": "GWLRollBack",
    "version": "0.1.1",
    "styleFileList": [
      "GRBCSS.css"
    ],
    "scriptFileList_earlyload": [
    ],
    "scriptFileList_inject_early": [
    ],
    "scriptFileList_preload": [
      "GWLRollBack_preload.js"
    ],
    "scriptFileList": [
     
    ],
    "tweeFileList": [
      "GWLRollBack_Widgets.twee"
     ],
    "imgFileList": [
 ],
    "additionFile": [
     
      "readme.md"
     
    ],
    "addonPlugin": [
      {
        "modName": "TweeReplacer",
        "addonName": "TweeReplacerAddon",
        "modVersion": "1.0.0",
        "params": [
             
          {
            "passage": "Asylum Hypnosis Trance",
            "findString": "if $hypnosis_traits.devotion gte 5",
            "replace": "if 0"
          },
          {
            "passage": "Chef Opening 9",
            "findString": "if $chef_gwylan",
            "replace": "if 0"
          },
          {
            "passage": "Chef Opening End",
            "findString": "if $chef_gwylan",
            "replace": "if 0",
            "all": true
          },
          {
            "passage": "Chef Speech Options",
            "findString": "$chef_gwylan",
            "replace": "0"
          },
          {
            "passage": "Cliff Street",
            "findString": "if !isGwylanAbsent()",
            "replace": "if 0"
          },
          {
            "passage": "Danube Street",
            "findString": "if C.npc.Gwylan.state is \"active\"",
            "replace": "if 0"
          },
          {
            "passage": "Eden Hunt 3",
            "findString": "Eden Hex Signs",
            "replace": "Eden Clearing"
          },
          {
            "passage": "Widgets Forest",
            "findString": "!$weekly.gwylanNoLure",
            "replace": "0",
             "all": true
          },
          {
            "passage": "Widgets Nightmares",
            "findString": "$gwylanSeen?.includes(\"yearning\") or $hypnosis_traits.slumber gte 1 and $hypnosis_traits.devotion gte 3",
            "replace": "0"
          },
          {
            "passage": "Ocean Breeze Angry",
            "findString": "$gwylan_cafe_intro",
            "replace": "0"
          },
          {
            "passage": "Ocean Breeze Ignore",
            "findString": "$gwylan_cafe_intro",
            "replace": "0"
          },
          {
            "passage": "Ocean Breeze Work",
            "findString": "and $gwylan_cafe_intro",
            "replace": "and 0",
            "all": true
          },
          {
            "passage": "Ocean Breeze Work",
            "findString": "!$gwylan_cafe_intro",
            "replace": "0",
            "all": true
          },
          {
            "passage": "Ocean Breeze Work",
            "findString": "if C.npc.Robin.trauma gte 40",
            "replace": "if 0",
            "all": true
          },
           {
            "passage": "Ocean Breeze Work",
            "findRegex": "<<else>>(\\s+<<set _beverage)",
            "replace": "<<elseif C.npc.Robin.trauma lte 40>>$1"
          },
          {
            "passage": "Ocean Breeze",
            "findRegex": "<<set \\$bun_cut to 0.3>>[\\s\\S]+?<<endevent>>",
            "replace": "<<set $bun_cut to 0.3>>\n<br><br>萨姆哼着小曲回去工作了。<br><br>\n<<endevent>>"
          },
          {
            "passage": "Ocean Breeze",
            "findString": "!$daily.earSlimeOceanBreezeCafeEat",
            "replace": "0"
          },
           {
            "passage": "Ocean Breeze",
            "findString": "gwylanSchedule() is \"cafe\"",
            "replace": "gwylanSchedule() is \"VP99NO88\""
          },
          {
            "passage": "Pub Brown Fox",
            "findString": "gwylanSchedule() is \"pub\"",
            "replace": "gwylanSchedule() is \"VP99NO88\"",
             "all": true
          },
          {
            "passage": "Pub",
            "findString": "gwylanSchedule() is \"pub\"",
            "replace": "gwylanSchedule() is \"VP99NO88\""
          },
          {
            "passage": "Widgets Robin",
            "findString": "$gwylan?.robin gte 10",
            "replace": "0"
          },
          {
            "passage": "Widgets Forest",
            "findString": "!$weekly.forestLullaby",
            "replace": "0"
          },
          {
            "passage": "Widgets Forest",
            "findString": "$gwylan?.ritualMissed",
            "replace": "0",
            "all": true
          },
          {
            "passage": "Widgets Forest",
            "findString": "!$daily.gwylan.spy",
            "replace": "0"
          },
           {
            "passage": "Widgets Forest",
            "findString": "$hypnosis_traits.devotion",
            "replace": "0"
          },
           {
            "passage": "Widgets Forest",
            "findRegex": "<<widget \"forestRescueSetup\">>[\\s\\S]+?<</widget>>",
            "replace": "<<widget \"forestRescueSetup\">>\n<<GRB_forestRescueSetup>>\n<</widget>>"
          },
          {
            "passage": "Widgets Forest",
            "findRegex": "<<widget \"forestRescueCheck\">>[\\s\\S]+?<</widget>>",
            "replace": "<<widget \"forestRescueCheck\">>\n<<GRB_forestRescueCheck _args[0]>>\n<</widget>>"
          },
           {
            "passage": "Widgets Forest",
            "findRegex": "<<if \\$canRescue.includesAll\\(\"Eden\",\"Gwylan\"\\)>>[\\s\\S]+?<<elseif \\$canRescue.includes\\(\"Gwylan\"\\)>>",
            "replace": "<<if $canRescue.includesAll(\"Eden\",\"Gwylan\")>>\n<<GRB_ForestCoopRescue _args[0] _args[1] $_close $_lands $_backsOffAnd $_forest $_type>>\n<<elseif $canRescue.includes(\"Gwylan\")>>"
          },
           {
            "passage": "Widgets Forest",
            "findRegex": "<<gwylanRescueStats true \\$_type>>[\\s\\S]+?<<elseif \\$canRescue.includes\\(\"Nobody\"\\)>>",
            "replace": "<<GRB_gwylanForestRescue $_type>>\n<<elseif $canRescue.includes(\"Nobody\")>>"
          },
           {
            "passage": "Widgets Forest",
            "findString": "$worn.neck.name is \"familiar collar\"",
            "replace": "$worn.neck.name is \"VP 99 NO 88\"",
             "all": true
          },
          {
            "passage": "School Library",
            "findRegex": "<<addinlineevent \"forest_rumors_1\">>[\\s\\S]+?<</addinlineevent>>",
            "replace": "\n"
          },
           {
            "passage": "School Library",
            "findRegex": "<<addinlineevent \"forest_rumors_2\">>[\\s\\S]+?<</addinlineevent>>",
            "replace": "\n"
          },
           {
            "passage": "School Library",
            "findRegex": "<<addinlineevent \"forest_shop_rumors\">>[\\s\\S]+?<</addinlineevent>>",
            "replace": "\n"
          },
          {
            "passage": "Rent Intro",
            "findRegex": "neck.cursed is 1>>[\\s\\S]+?<<rentGwylanTrade>>\\s+?<<else>>",    
             "replace": "neck.cursed is 1>>\n“传说中的<span class=\"vp99still\">VP99情深几许项圈典藏限量款</span>”？贝利嘲讽地说道，“VP也救不了你。”<br><br><</if>>"
          },
          {
            "passage": "Rent Intro",
            "findRegex": "and \\(\\$avery_fate is[\\s\\S]+?<<rentGwylanTrade>>\\s+?<<else>>",
             "replace": ">>\n贝利又嘲讽道：“<span class=\"vp99still\">VP99芳心暗许项圈典藏限量款</span>？现在谁都救不了你。”<br><br>前进继续着，<</if>>"
          },
          {
            "passage": "Rent Intro",
            "findRegex": "<</if>>\\s+?<<elseif \\$rentsale is 1>>",
            "replace": "<<elseif $rentsale is 1>>"
          },
          {
            "passage": "Rent Intro",
            "findRegex": "<<rentEdenTrade>>\\s+?<</if>>",
            "replace": "<<rentEdenTrade>>"
          },
          {
            "passage": "Prison Intro Collar Remove",
            "findString": "你的项圈在一片白色海洋中散发出淡淡的绿光",
            "replace": "你的<<icon \"clothes/familiar_collar.png\">><span class=\"vp99still\">VP99永沐爱河项圈典藏限量款</span>在一片白色海洋中散发出绚烂的光芒"
          },
           {
            "passage": "Adult Shop Passout Bondage",
            "findRegex": "(worn.neck.cursed is 1>>\\s+?<<person>>)[\\s\\S]+?<br><br>",
            "replace": "$1抓住你的项圈，<<icon \"clothes/familiar_collar.png\">><span class=\"vp99still\">VP99至臻纯爱项圈典藏限量款</span>随之泛起细微震颤，发出绚烂的光芒。西里斯不由得眯起了眼睛。<br><br>"
          },
          {
            "passage": "Adult Shop Passout Bondage Familiar",
            "findString": "是你在城外那家小店买的吗？",
            "replace": "这难道就是传说中的<span class=\"vp99still\">VP99典藏限量项圈</span>吗？"
          },
          {
            "passage": "Beach Abduction Collared",
            "findRegex": "<<pHer>>[\\s\\S]+?<<he>>",
            "replace": "等等，这不是传说中的<span class=\"vp99still\">VP99项圈典藏限量款</span>\"吗？"
          },
          {
            "passage": "Bully Dog Walk 3",
            "findRegex": "<span class=\"blue\">[\\s\\S]+?</span>",
            "replace": "<span class=\"blue\">惠特尼低头盯着你的</span><<icon \"clothes/familiar_collar.png\">><span class=\"vp99still\">VP99永恒绝恋项圈典藏限量款</span><span class=\"blue\">，仿佛被定住了一般。</span>"
          },
          {
            "passage": "Chef Blackmail Livestock 2",
            "findString": "你的项圈",
            "replace": "你的<<icon \"clothes/familiar_collar.png\">><span class=\"vp99still\">VP99风沙缠绵项圈典藏限量款</span>"
          },
          {
            "passage": "Eden Caged Caught Resist",
            "findString": "间的项圈",
            "replace": "间的<<icon \"clothes/familiar_collar.png\">><span class=\"vp99still\">VP99爱如潮水项圈典藏限量款</span>"
          },
           {
            "passage": "Eden Caged Evening Stretch",
            "findString": "没你好果子吃",
            "replace": "<span class=\"vp99still\">以后再也别想嗑VP</span>"
          },
          {
            "passage": "Eden Hunt",
            "findString": "别走远了。",
            "replace": "<span class=\"vp99still\">又是VP</span>，你不能嗑点别的吗。"
          },
          {
            "passage": "Eden Recaptured Resist",
            "findRegex": "<span class=\"green\">[\\s\\S]+?<<nnpc_his \"Gwylan\">>！",
            "replace": "<span class=\"green\">可指尖刚碰到你的<<icon \"clothes/familiar_collar.png\">><span class=\"vp99still\">VP99缱绻柔情项圈典藏限量款</span>，就被电流猛地弹开。</span>\n<br><br>\n“你觉得这很好玩？<span class=\"edenring\">只要我还有一口气在，你就别想再嗑到VP！</span>"
          },
          {
            "passage": "Farm Breakfast",
            "findString": "这是真金做的吗？",
            "replace": "这是<span class=\"vp99still\">VP99项圈限量款</span>吗？"
          },
          {
            "passage": "Farm Breakfast",
            "findString": "铜匠应该能帮你解决这个问题，不过话说回来，这设计还挺别致的。",
            "replace": "这就是传说中的<span class=\"vp99still\">VP99典藏项圈</span>？设计真别致啊。"
          },
          {
            "passage": "Flats Canal Kiss",
            "findString": "项圈",
            "replace": "<<icon \"clothes/familiar_collar.png\">><span class=\"vp99still\">VP99地火天雷项圈典藏限量款</span>"
          },
           {
            "passage": "History Lesson Collar",
            "findRegex": "worn.neck.cursed is 1>>[\\s\\S]+?<br><br>",
            "replace": "worn.neck.cursed is 1>>“这是我的<<icon \"clothes/familiar_collar.png\">><span class=\"vp99still\">VP99项圈典藏限量款</span>。”你说。<br><br>"
          },
          {
            "passage": "History Lesson Collar",
            "findRegex": "确实很熟悉[\\s\\S]+?设计",
            "replace": "原来这就是传说中的<<icon \"clothes/familiar_collar.png\">><span class=\"vp99still\">VP99八心八箭项圈典藏限量款</span>，真是百闻不如一见，让我回想起一段<span class=\"vp99still\">凄美的往事</span>"
          },
          {
            "passage": "Mansion Return Walk Dog",
            "findString": "眷属项圈",
            "replace": "<<icon \"clothes/familiar_collar.png\">><span class=\"vp99still\">VP99金枝玉叶项圈典藏限量款</span>"
          },
          {
            "passage": "Passout Estate Remy Hot Cold",
            "findString": "眷属项圈",
            "replace": "<<icon \"clothes/familiar_collar.png\">><span class=\"vp99still\">VP99奇侶仙缘项圈典藏限量款</span>"
          },
          {
            "passage": "Moor Abduction Remy Wake",
            "findString": "眷属项圈",
            "replace": "<<icon \"clothes/familiar_collar.png\">><span class=\"vp99still\">VP99海枯石烂项圈典藏限量款</span>"
          },
           {
            "passage": "Police Cell",
            "findString": "看来电击功能是好的。",
            "replace": "莫非是传说中的<span class=\"vp99still\">VP99项圈典藏限量款</span>？"
          },
          {
            "passage": "Police Station Collar",
            "findString": "神明插手",
            "replace": "<span class=\"vp99still\">VP显灵</span>，或是你自己解开"
          },
          {
            "passage": "Pound Abduction",
            "findString": "worn.neck.cursed is 1>>",
            "replace": "worn.neck.cursed is 1>>\n<<set _vp to true>>\n<</if>>\n<<if 0>>"
          },
          {
            "passage": "Pound Abduction",
            "findString": "<<set $worn.neck.cursed to 1>>",
            "replace": "<<set $worn.neck.cursed to 1>>\n<<if _vp>>“我们就这么把这<<bitch>>搞定了？”有人说，“无敌的<span class=\"vp99still\">VP99典藏项圈</span>倒了？”<br>“说话注意点。”另一个说，“一切为了平衡性考虑。”<br><br><</if>>"
          },
          {
            "passage": "Pound Assault Caught 2",
            "findString": "worn.neck.cursed is 1>>",
            "replace": "worn.neck.cursed is 1>>\n<<set _vp to true>>\n<</if>>\n<<if 0>>"
          },
          {
            "passage": "Pound Assault Caught 2",
            "findString": "<<set $worn.neck.cursed to 1>>",
            "replace": "<<set $worn.neck.cursed to 1>>\n<<if _vp>>“我们就这么把这<<bitch>>搞定了？”有人说，“<span class=\"vp99still\">VP99典藏项圈</span>不该电击我们所有人吗？”<br>“嘘。”另一个说，“还嫌麻烦不够多吗。”<br><br><</if>>"
          },
          {
            "passage": "Pound Free Submit",
            "findString": "worn.neck.cursed is 1>>",
            "replace": "worn.neck.cursed is 1>>\n<<set _vp to true>>\n<</if>>\n<<if 0>>"
          },
          {
            "passage": "Pound Free Submit",
            "findString": "<<set $worn.neck.cursed to 1>>",
            "replace": "<<set $worn.neck.cursed to 1>>\n<<if _vp>>“我们就这么把这<<bitch>>搞定了？”有人说，“<span class=\"vp99still\">VP99典藏项圈</span>不该是无敌的吗？”<br>“闭嘴吧。”另一个说，“不要在意这些细节。”<br><br><</if>>"
          },
          {
            "passage": "Robin Forest Crash Fight",
            "findString": "项圈",
            "replace": "<<icon \"clothes/familiar_collar.png\">><span class=\"vp99still\">VP99星语心愿项圈典藏限量款</span>"
          },
          {
            "passage": "Sewers Collar Familiar",
            "findString": "小海鸟的魔法信物",
            "replace": "传说中的<span class=\"vp99still\">VP99永结同心日月轮回斗转星移真爱亘古欲海情天项圈典藏限量款</span>"
          },
          {
            "passage": "Sewers Collar Familiar",
            "findRegex": "<<charles>>[\\s\\S]+?毛团",
            "replace": "<<charles>>，这说明你是被<span class=\"edenring\">VP加护和眷顾的人</span>啊！如果有谁会被选中，我知道那肯定是你"
          },
          {
            "passage": "Street Eden Angry Hide",
            "findString": "那条项圈",
            "replace": "<<icon \"clothes/familiar_collar.png\">><span class=\"vp99still\">VP99夜语晨风项圈典藏限量款</span>"
          },
          {
            "passage": "Street Eden Angry",
            "findString": "那条项圈",
            "replace": "<<icon \"clothes/familiar_collar.png\">><span class=\"vp99still\">VP99唯一眷恋项圈典藏限量款</span>"
          },
          {
            "passage": "Livestock Intro Familiar Collar Break",
            "findString": "你的项圈",
            "replace": "你的<<icon \"clothes/familiar_collar.png\">><span class=\"vp99still\">VP99双飞同游项圈典藏限量款</span>"
          },
          {
            "passage": "Livestock Intro Familiar Collar 2",
            "findString": "$remy_mask is 1",
            "replace": "0"
          },
          {
            "passage": "Livestock Intro Familiar Collar",
            "findString": "你的项圈",
            "replace": "你的<<icon \"clothes/familiar_collar.png\">><span class=\"vp99still\">VP99举镇无双项圈典藏限量款</span>"
          },
          {
            "passage": "Street Van Submit",
            "findString": "现在的项圈",
            "replace": "现在的<<icon \"clothes/familiar_collar.png\">><span class=\"vp99still\">VP99前尘幻梦项圈典藏限量款</span>"
          },
          {
            "passage": "Sydney Chat",
            "findString": "眷属项圈",
            "replace": "<<icon \"clothes/familiar_collar.png\">><span class=\"vp99still\">VP99飞鸟与鱼项圈典藏限量款</span>"
          },
          {
            "passage": "Sydney Chat",
            "findString": "亵渎的意味，像是那种会被神殿焚毁",
            "replace": "凄美的意味，像是那种约旦<<nnpc_brother \"Jordan\">>看了也会流泪"
          },
          {
            "passage": "Sydney Temple Punish Intro 2",
            "findString": "你的颈圈",
            "replace": "你的<<icon \"clothes/familiar_collar.png\">><span class=\"vp99still\">VP99蝶恋芳丛项圈典藏限量款</span>"
          },
          {
            "passage": "Temple Arcade Submit",
            "findString": "你的项圈",
            "replace": "你的<<icon \"clothes/familiar_collar.png\">><span class=\"vp99still\">VP99海誓山盟项圈典藏限量款</span>"
          },
          {
            "passage": "Underground Intro",
            "findString": "你的项圈使劲拉扯",
            "replace": "你的<<icon \"clothes/familiar_collar.png\">><span class=\"vp99still\">VP99烈火真心项圈典藏限量款</span>使劲拉扯",
            "all": true
          },
          {
            "passage": "StoryCaption",
            "findString": "眷属项圈",
            "replace": "<span class=\"vp99still\">VP99项圈</span>"
          },
           {
            "passage": "StoryCaption",
            "findString": "$hypnosis_traits.devotion gte 4",
            "replace": "1"
          },
          {
            "passage": "Widgets Blackjack",
            "findString": "你这项圈可真够邪门的",
            "replace": "这就是传说中的<span class=\"vp99still\">VP99项圈典藏限量款</span>吗"
          },
          {
            "passage": "Widgets Combat Man-Combat",
            "findString": "项圈上的金色心形铭牌",
            "replace": "的<<icon \"clothes/familiar_collar.png\">><span class=\"vp99still\">VP99倾镇之恋项圈典藏限量款</span>",
            "all": true
          },
          {
            "passage": "Widgets Combat Tentacle Adv",
            "findString": "项圈上的金色心形铭牌",
            "replace": "的<<icon \"clothes/familiar_collar.png\">><span class=\"vp99still\">VP99倾镇之恋项圈典藏限量款</span>",
            "all": true
          },
           {
            "passage": "Widgets Ejaculation",
            "findString": "项圈",
            "replace": "<<icon \"clothes/familiar_collar.png\">><span class=\"vp99still\">VP99比翼连理项圈典藏限量款</span>"
          },
          {
            "passage": "Widgets School Events",
            "findString": "这玩意儿是谁给你的？",
            "replace": "<span class=\"vp99still\">传说中的VP99项圈典藏限量款？</span>"
          },
           {
            "passage": "Widgets Street",
            "findString": "因为你的项圈电击了",
            "replace": "因为你的<<icon \"clothes/familiar_collar.png\">><span class=\"vp99still\">VP99三世三生项圈典藏限量款</span>电击了",
            "all": true
          },
          {
            "passage": "Widgets Street",
            "findString": "这<<bitch>>是有主儿的",
            "replace": "这<<bitch>>有VP加护"
          },
          {
            "passage": "Widgets Street",
            "findString": "主人还挺会玩花样",
            "replace": "VP还挺会玩花样"
          },
          {
            "passage": "Widgets Whitney Street",
            "findString": "项圈",
            "replace": "<<icon \"clothes/familiar_collar.png\">><span class=\"vp99still\">VP99海枯石烂项圈典藏限量款</span>"
          },
          {
            "passage": "Widgets Text",
            "findString": "项圈上的心形铭牌",
            "replace": "你的<<icon \"clothes/familiar_collar.png\">><span class=\"vp99still\">VP99项圈典藏限量款</span>"
          },
          {
            "passage": "Widgets Clothing",
            "findString": "项圈上的心形铭牌",
            "replace": "你的<<icon \"clothes/familiar_collar.png\">><span class=\"vp99still\">VP99项圈典藏限量款</span>"
          },
          {
            "passage": "Forest Shop Entrance",
            "findRegex": "<<include \"Forest Shop Intro\">>[\\s\\S]+?<<include \"Forest Shop Mystery Orgasm\">>",
            "replace": "<<include \"Forest Shop Intro\">>\n"
          },
          {
            "passage": "Forest Shop Entrance",
            "findString": "<<if !$robin_in_forest_shop and (gwylanSchedule()",
            "replace": "<<if 0 and (gwylanSchedule()"
          },
          {
            "passage": "Forest Shop Entrance",
            "findString": "<<if $robin_in_forest_shop>>",
            "replace": "<<if $gwylanRescue?.failed and !$robin_in_forest_shop>>\n<<GRB_gwylanRescueApology \"shop\">>\n<<elseif $robin_in_forest_shop>>"
          },
          {
            "passage": "Forest Shop Entrance",
            "findString": "_gwylanLovePercent gte 35 and !$gwylan.punishment and !$gwylan.taken and !$gwylan.timer.wrap",
            "replace": "1"
          },
          {
            "passage": "Forest Shop Entrance",
            "findString": "_gwylanLovePercent gte 20",
            "replace": "0"
          },
          {
            "passage": "Forest Shop Entrance",
            "findString": "_gwylanLovePercent gte 35",
            "replace": "0"
          },
          {
            "passage": "Forest Shop Entrance",
            "findString": "_gwylanLovePercent gte 50",
            "replace": "0"
          },
          {
            "passage": "Forest Shop Entrance",
            "findRegex": "<br>\\s+?<<socialiseicon>>[\\s\\S]+?Gwylan Talk Shop]]>><</link>>",
            "replace": "\n"
          },
          {
            "passage": "Forest Shop Entrance",
            "findString": "<<if $gwylanSeen.includes(\"lights\")>>",
            "replace": "<br><<if $awareness gte 600 or $hallucinogen gte 10>>"
          },
          {
            "passage": "Forest Shop Entrance",
            "findString": "!$gwylanSeen.includes(\"sample\")",
            "replace": "0"
          },
          {
            "passage": "Forest Shop Entrance",
            "findString": "$gwylan.timer.sample gte Time.date.timeStamp",
            "replace": "1"
          },
          {
            "passage": "Forest Shop Entrance",
            "findString": "$gwylanSeen.includes(\"doggy_bed\")",
            "replace": "0"
          },
          {
            "passage": "Forest Shop Entrance",
            "findString": "isPregnancyEnding()",
            "replace": "0"
          },
           {
            "passage": "Forest Shop Entrance",
            "findString": "<<set $gwylan.timer.bloodVisit to new DateTime(Time.date).addDays(1).timeStamp>>",
            "replace": "\n"
          },
          {
            "passage": "Forest Shop Charms",
            "findString": "!$gwylanSeen.includes(\"sample\")",
            "replace": "0"
          },
          {
            "passage": "Forest Shop Charms",
            "findRegex": "<<printNobody>>[\\s\\S]+?<<if \\$dissociation gte 1>>[\\s\\S]+?<</if>>",
            "replace": "\n"
          },
          {
            "passage": "Forest Shop Widgets",
            "findString": "heavy",
            "replace": "VP99"
          },
          {
            "passage": "Forest Shop Widgets",
            "findString": "Forest Shop Stolen",
            "replace": "Forest"
          },
          {
            "passage": "Forest Shop Intro",
            "findString": "<<gwylanRescueApology",
            "replace": "<<GRB_gwylanRescueApology"
          },
          {
            "passage": "Robin Forest Shop 4",
            "findString": "<<gwylanRescueApology",
            "replace": "<<GRB_gwylanRescueApology",
            "all": true
          },
          {
            "passage": "Forest Shop Intro",
            "findString": "$exposed gte 1",
            "replace": "0"
          },
          {
            "passage": "Forest Shop Intro",
            "findRegex": "<<elseif !_gwylanStatus.includes\\(\"met\"\\)>>([\\s\\S]+?)<<else>>[\\s\\S]+?<</if>>",
            "replace": "<<elseif !_gwylanStatus.includes(\"met\")>>$1<<else>>“我希望你能找到你喜欢的东西，”<<he>>在说完之后重新扶起梯子。“但找不到也不要担心，我的祖<<print ($pronoun is \"m\" ? \"父\" : \"母\")>>说这里的东西会躲着那些不是真心想购买它们的人。”<<He>>笑了笑，“我相信这一点。”<</if>>"
          },
          {
            "passage": "Forest Shop Intro",
            "findString": "[\"sleep\"].includes(gwylanSchedule()) or Time.hour gte 22",
            "replace": "0"
          },
          {
            "passage": "Forest Shop Intro",
            "findString": "![\"shop\", \"garden\"].includes(gwylanSchedule())",
            "replace": "0"
          },
          {
            "passage": "Passout Gwylan Hot Cold",
            "findString": "_gwylanLovePercent gte 50",
            "replace": "0"
          },
          {
            "passage": "Passout Gwylan Hot Cold",
            "findString": "$gwylanSeen.includes(\"partners\")",
            "replace": "0"
          },
          {
            "passage": "Passout Gwylan Hot Cold",
            "findString": "$gwylanSeen.includes(\"yearning\")",
            "replace": "0"
          },
          {
            "passage": "Passout Gwylan Hot Cold",
            "findRegex": "(<<elseif \\$gwylan_rescue gte 1>>[\\s\\S]+?<<else>>[\\s\\S]+?<</if>>)[\\s\\S]+?<br><br>",
            "replace": "$1。\"\n<br><br>"
          },
          {
            "passage": "Passout Gwylan Hot Cold Sip",
            "findString": "$gwylanSeen.includes(\"partners\")",
            "replace": "0"
          },
          {
            "passage": "Forest",
            "findRegex": "<<if \\$exposed lte 1[\\s\\S]+?<<forestdeeper>>",
            "replace": "<<GRB_ForestShopForest>>\n<<forestdeeper>>"
          },
           {
            "passage": "Widgets Named Npcs",
            "findString": "$gwylanSeen?.includes(\"ritual_sex\")",
            "replace": "0"
          },
          {
            "passage": "Widgets Named Npcs",
            "findString": "<<elseif $gwylanSeen?.includes(\"partners\")>>",
            "replace": "0"
          },
          {
            "passage": "Widgets Named Npcs",
            "findString": "$gwylanSeen?.includes(\"yearning\")",
            "replace": "0"
          },
          {
            "passage": "Widgets Named Npcs",
            "findString": "$gwylan?.wary gt 1",
            "replace": "0",
            "all":true
          },
          {
            "passage": "Widgets Named Npcs",
            "findString": "_gwylanStatus.includes(\"aroused\")",
            "replace": "0"
          },
          {
            "passage": "Mansion Fox Heist Dungeon 2",
            "findString": "$brownFoxRevealed",
            "replace": "0"
          },
          {
            "passage": "Mansion Fox Heist Vault",
            "findString": "$brownFoxRevealed",
            "replace": "0"
          },
          {
            "passage": "Mansion Mickey Interrupt",
            "findString": "$brownFoxRevealed",
            "replace": "0"
          },
          {
            "passage": "Mansion Party Remy Brown Fox Talk",
            "findString": "$brownFoxRevealed",
            "replace": "0"
          },
          {
            "passage": "Mansion Piano Demon 2",
            "findString": "$brownFoxRevealed",
            "replace": "0"
          },
          {
            "passage": "Mansion Piano Demon 2",
            "findString": "ritual_sex",
            "replace": "VP99"
          },
          {
            "passage": "Mansion Piano Demon",
            "findString": "$brownFoxRevealed",
            "replace": "0"
          },
          {
            "passage": "Mansion Piano Fox 2",
            "findString": "$brownFoxRevealed",
            "replace": "0"
          },
          {
            "passage": "Mansion Piano Fox Talk End",
            "findString": "$brownFoxRevealed",
            "replace": "0",
            "all": true
          },
          {
            "passage": "Mansion Piano Fox Talk",
            "findString": "$brownFoxRevealed",
            "replace": "0",
            "all": true
          },
          {
            "passage": "Pub Avery Stones Fox End",
            "findString": "$brownFoxRevealed",
            "replace": "0"
          },
          {
            "passage": "Pub Brown Fox Task",
            "findString": "$brownFoxRevealed",
            "replace": "0",
            "all": true
          },
          {
            "passage": "Skyscraper Run 3",
            "findString": "$brownFoxRevealed",
            "replace": "0"
          },
          {
            "passage": "Skyscraper Run 4",
            "findString": "$brownFoxRevealed",
            "replace": "0",
            "all": true
          },
          {
            "passage": "Skyscraper Run 5",
            "findString": "$brownFoxRevealed",
            "replace": "0"
          },
          {
            "passage": "Skyscraper Run Rescue",
            "findString": "$brownFoxRevealed",
            "replace": "0"
          },
          {
            "passage": "Skyscraper Run Struggle",
            "findString": "$brownFoxRevealed",
            "replace": "0",
            "all": true
          },
          {
            "passage": "Skyscraper Run Wardrobe",
            "findString": "$brownFoxRevealed",
            "replace": "0",
            "all": true
          },
          {
            "passage": "Skyscraper Save Rescue 3",
            "findString": "$brownFoxRevealed",
            "replace": "0"
          },
          {
            "passage": "Widgets Avery Mansion",
            "findString": "$brownFoxRevealed",
            "replace": "0"
          },
          {
            "passage": "Widgets Pub",
            "findString": "$brownFoxRevealed",
            "replace": "0",
            "all": true
          },
          {
            "passage": "Temple Slime",
            "findRegex": "(<br><br>[\\s\\S]+?<br><br>[\\s\\S]+?<br><br>)[\\s\\S]+?<br><br>",
            "replace": "$1"
          },
          {
            "passage": "Forest Red Rose Pick",
            "findString": "<<else>>",
            "replace": "<<GRB_ForestRose>>\n<<else>>"
          },
          {
            "passage": "Forest Red Rose",
            "findRegex": "<br><br>\\s+?<<link",
            "replace": "<<GRB_ForestRose>>\n<br><br>\\s+?<<link"
          },
          {
            "passage": "Mansion Piano Demon",
            "findString": "<<set $phase to 3>><</link>>",
            "replace": "<<set $phase to 3>><</link>><br>\n<<link [[沉默|Mansion Piano Demon 2]]>><<set $phase to 4>><</link>>"
          },
          {
            "passage": "Mansion Piano Demon 2",
            "findString": "<<elseif $phase is 2>>",
            "replace": "<<elseif $phase is 4>>\n它好奇地歪着头。在那张暗色面孔的右侧，一只翠绿的眼睛凝视着你。它的动作变得更加轻柔，触手半蜷着。<br><br>你面不改色，只是无言地回看它。\n<<elseif $phase is 2>>"
          },
          {
            "passage": "Mansion Sleep",
            "findString": "\"Mansion Bed\">><<endevent>><</link>>",
            "replace": "\"Mansion Bed\">><<endevent>><</link>><br>\n<<link [[无视|GWLRollBack Mansion Piano]]>><<bedclotheson \"Mansion Bed\">><<endevent>><</link>>"
          },
           {
            "passage": "PassageFooter",
            "findString": "<div id=\"gameVersionDisplay\">",
            "replace": "<<if $worn?.neck?.name is \"familiar collar\">><<canvas-model-temporary-effect \"petals\">><<set _birdFlowers to 1>><</if>><div id=\"gameVersionDisplay\">"
          },
          {
            "passage": "Widgets Mirror",
            "findString": "<<if $worn.neck.name is \"love locket\">>",
            "replace": "<<if $worn.neck.name is \"familiar collar\" && $worn.neck.cursed is 1>><<icon \"clothes/familiar_collar.png\">><<link [[解锁项圈|$passage]]>><<set $worn.neck.cursed to 0>><</link>><br><br><<elseif $worn.neck.name is \"familiar collar\" >><span class=\"vp99still\"><<icon \"clothes/familiar_collar.png\">><<link [[激活项圈|$passage]]>><<set $worn.neck.cursed to 1>><</link>></span><br><br><</if>>\n<<if $worn.neck.name is \"love locket\">>"
          },
           {
            "passage": "Forest Hunter Molestation Finish",
            "findRegex": "worn.neck.cursed is 1>>[\\s\\S]+?<<else>>([\\s\\S]+?)<</if>>\\s+?<<elseif",
            "replace": "worn.neck.cursed is 1>>\n<<GRB_HunterMolestationFinish>>\n<</if>>\n$1\n<<elseif"
          },
          {
            "passage": "Adult Shop",
            "findString": "Adult Shop Menu]]>><<pass 1>><</link>>",
            "replace": "Adult Shop Menu]]>><<pass 1>><</link>><br>\n<<clothingcategoryicon \"strapon\">><<link [[浏览新款性玩具 (0:01)|GWLRollBack Sex Toys]]>><<pass 1>><</link>>"
          }
        ]       
      },
       {
        "modName": "ReplacePatcher",
        "addonName": "ReplacePatcherAddon",
        "modVersion": "1.0.0",
        "params": {
         "js": [
          {
           "from": "function gwylanCanRescueFromWraith() {",
           "to": "function gwylanCanRescueFromWraith() { return false;",
           "fileName": "gwylan-functions.js"
          },
          {
           "from": "statusCheck(\"Gwylan\");",
           "to": "return false;",
           "fileName": "named-npc.js"
          },
          {
           "from": "if (V.gwylan?.timer?.nobody",
           "to": "return \"shop\";\nif (V.gwylan?.timer?.nobody",
           "fileName": "named-npc.js"
          },
          {
           "from": "function isGwylanAbsent() {",
           "to": "function isGwylanAbsent() { return false;",
           "fileName": "gwylan-functions.js"
          },
          {
           "from": "gwylanForestRescueRange() {",
           "to": "gwylanForestRescueRange() { return 25;",
           "fileName": "gwylan-functions.js"
          },
          {
           "from": "V.gwylanSeen?.includes(\"ritual_sex\")",
           "to": "V.gwylanSeen?.includes(\"ritual_sex\") || V.mathsprojectwon === 1",
           "fileName": "clothing-special.js"
          },
          {
           "from": "V.gwylanSeen?.includesAny(\"request_gold_accessories\", \"chastity_gold\")",
           "to": "V.gwylanSeen?.includesAny(\"request_gold_accessories\", \"chastity_gold\") || V.scienceprojectwon === 1",
           "fileName": "clothing-special.js"
          }
         ]
        }
      }
    ],
    "dependenceInfo": [
      { 
        "modName": "TweeReplacer",
        "version": "^1.0.0"
      },
      {
        "modName": "ReplacePatcher",
        "version": "^1.0.0"
       }
    ]
  }